{
  "timestamp": "2026-01-12T08:02:45.828597",
  "cpu_count": 8,
  "model": "GOT5.5",
  "benchmarks": {
    "small": {
      "config": {
        "n_points": 10,
        "n_times": 24,
        "label": "Small (10pts x 24h)"
      },
      "n_calculations": 240,
      "methods": {
        "pyTMD": {
          "times": [
            4.017552334116772,
            3.765956958057359,
            3.409410750027746
          ],
          "mean_ms": 3730.9733474006257,
          "std_ms": 249.50208594387055
        },
        "pyTMD_preloaded": {
          "times": [
            0.5725027499720454,
            0.4166209581308067,
            0.359571082983166
          ],
          "mean_ms": 449.564930362006,
          "std_ms": 89.99612095878832,
          "speedup": 8.299075607157148
        },
        "turbo_with_load": {
          "times": [
            1.6616897080093622,
            1.5244897911325097,
            1.4101567920297384
          ],
          "mean_ms": 1532.1120970572035,
          "std_ms": 102.82923260114424,
          "speedup": 2.435183009498374
        },
        "turbo_preloaded": {
          "times": [
            0.005539374891668558,
            0.005342832999303937,
            0.005331834079697728
          ],
          "mean_ms": 5.404680656890075,
          "std_ms": 0.09534899656890969,
          "speedup": 690.3226266743903,
          "speedup_vs_pytmd_preloaded": 83.18066485369215
        }
      }
    },
    "medium": {
      "config": {
        "n_points": 100,
        "n_times": 168,
        "label": "Medium (100pts x 1week)"
      },
      "n_calculations": 16800,
      "methods": {
        "pyTMD": {
          "times": [
            4.5467687079217285,
            3.6950842919759452,
            3.5335884590167552
          ],
          "mean_ms": 3925.1471529714763,
          "std_ms": 444.46990464287734
        },
        "pyTMD_preloaded": {
          "times": [
            0.5675293339882046,
            0.4217805410735309,
            0.4250108751002699
          ],
          "mean_ms": 471.4402500540018,
          "std_ms": 67.95804000983145,
          "speedup": 8.32586346312574
        },
        "turbo_with_load": {
          "times": [
            1.4428295001853257,
            1.558985250070691,
            1.4308259170502424
          ],
          "mean_ms": 1477.5468891020864,
          "std_ms": 57.793750988376935,
          "speedup": 2.656529672203371
        },
        "turbo_preloaded": {
          "times": [
            0.06519783311523497,
            0.06516024982556701,
            0.06734470813535154
          ],
          "mean_ms": 65.90093035871784,
          "std_ms": 1.0210203481947453,
          "speedup": 59.56133140466704,
          "speedup_vs_pytmd_preloaded": 7.153772298627896
        }
      }
    },
    "large": {
      "config": {
        "n_points": 1000,
        "n_times": 720,
        "label": "Large (1000pts x 1month)"
      },
      "n_calculations": 720000,
      "methods": {
        "pyTMD": {
          "times": [
            8.79822774999775,
            7.60104745789431,
            12.503177291946486
          ],
          "mean_ms": 9634.150833279515,
          "std_ms": 2086.7510278498444
        },
        "pyTMD_preloaded": {
          "times": [
            6.656448208028451,
            5.456005958141759,
            6.058196790982038
          ],
          "mean_ms": 6056.883652384083,
          "std_ms": 490.0793759368569,
          "speedup": 1.5906118370768711
        },
        "turbo_with_load": {
          "times": [
            3.046167332911864,
            3.148020416032523,
            3.367832334013656
          ],
          "mean_ms": 3187.340027652681,
          "std_ms": 134.2301931432815,
          "speedup": 3.022630390763358
        },
        "turbo_preloaded": {
          "times": [
            1.307709125103429,
            1.2943322081118822,
            1.290044458117336
          ],
          "mean_ms": 1297.3619304442157,
          "std_ms": 7.523054698311083,
          "speedup": 7.42595462931519,
          "speedup_vs_pytmd_preloaded": 4.668615218507461
        }
      }
    }
  }
}